1201 S Lamar Blvd, Austin, TX 78704, USA,30.2546547,-97.76202219999999
1219 S Lamar Blvd, Austin, TX 78704, USA,30.2540538,-97.76195849999999
1311 S Lamar Blvd, Austin, TX 78704, USA,30.2533281,-97.76248919999999
1303 S Lamar Blvd, Austin, TX 78704, USA,30.2538284,-97.7623618
1509 S Lamar Blvd, Austin, TX 78704, USA,30.25193,-97.76378389999999
1403 S Lamar Blvd, Austin, TX 78704, USA,30.2526556,-97.763233
1401 S Lamar Blvd, Austin, TX 78704, USA,30.2529758,-97.7627651
1109 S Lamar Blvd, Austin, TX 78704, USA,30.2550231,-97.7618524
1105 S Lamar Blvd, Austin, TX 78704, USA,30.2552546,-97.7617251
1103 S Lamar Blvd, Austin, TX 78704, USA,30.255474,-97.761486
1001 S Lamar Blvd, Austin, TX 78704, USA,30.25572519999999,-97.761343
1000 S 8th St, Austin, TX 78704, USA,30.255527,-97.760949
1006 S 8th St, Austin, TX 78704, USA,30.2552924,-97.7610883
1008 S 8th St, Austin, TX 78704, USA,30.2551555,-97.76113079999999
1106 S 8th St, Austin, TX 78704, USA,30.2549587,-97.7614279
1112 S 8th St, Austin, TX 78704, USA,30.2547796,-97.7614279
1200 Treadwell St, Austin, TX 78704, USA,30.2561062,-97.760961
1101 S 8th St, Austin, TX 78704, USA,30.25483299999999,-97.76083100000001
1001 S 8th St, Austin, TX 78704, USA,30.255322,-97.760531
1107 W Monroe St, Austin, TX 78704, USA,30.25184,-97.7617144
1105 W Monroe St, Austin, TX 78704, USA,30.2517685,-97.7615977
1103 W Monroe St, Austin, TX 78704, USA,30.251676,-97.761428
1011 W Monroe St, Austin, TX 78704, USA,30.251541,-97.761156
1009 W Monroe St, Austin, TX 78704, USA,30.2515325,-97.7610459
1007 W Monroe St, Austin, TX 78704, USA,30.25145299999999,-97.76087609999999
1005 W Monroe St, Austin, TX 78704, USA,30.251371,-97.7607487
1000 W Milton St, Austin, TX 78704, USA,30.2507348,-97.7607527
1002 W Milton St, Austin, TX 78704, USA,30.2509079,-97.76100339999999
1010 W Milton St, Austin, TX 78704, USA,30.2511515,-97.7614279
1012 W Milton St, Austin, TX 78704, USA,30.2512006,-97.7615446
1014 W Milton St, Austin, TX 78704, USA,30.2512708,-97.7616826
1016 W Milton St, Austin, TX 78704, USA,30.2513503,-97.7618524
1018 W Milton St, Austin, TX 78704, USA,30.251385,-97.76202219999999
1600 S 5th St, Austin, TX 78704, USA,30.251283,-97.760502
1602 S 5th St, Austin, TX 78704, USA,30.2510806,-97.7605471
1008 W Milton St, Austin, TX 78704, USA,30.2510695,-97.7613006
1006 W Milton St, Austin, TX 78704, USA,30.2510348,-97.76113079999999
1107 Jewell St, Austin, TX 78704, USA,30.252555,-97.76123
1105 Jewell St, Austin, TX 78704, USA,30.252487,-97.76109199999999
1103 Jewell St, Austin, TX 78704, USA,30.2524782,-97.760961
1101 Jewell St, Austin, TX 78704, USA,30.252352,-97.7608149
1011 Jewell St, Austin, TX 78704, USA,30.2523141,-97.7607063
1009 Jewell St, Austin, TX 78704, USA,30.2522321,-97.7605789
1007 Jewell St, Austin, TX 78704, USA,30.2521525,-97.76040909999999
1005 Jewell St, Austin, TX 78704, USA,30.2521153,-97.7602818
1003 Jewell St, Austin, TX 78704, USA,30.252014,-97.760125
1001 Jewell St, Austin, TX 78704, USA,30.251996,-97.7600271
1000 W Monroe St, Austin, TX 78704, USA,30.2516251,-97.7602393
1002 W Monroe St, Austin, TX 78704, USA,30.2516624,-97.76036669999999
1004 W Monroe St, Austin, TX 78704, USA,30.2517419,-97.7605365
